NPA,employment_2023,grad_2023,job_density_2022,home_price_2021,home_price_2023,homicide_count
2,95.6,100.0,1,336581.0,488364.0,2
3,97.4,100.0,31,561120.0,667092.0,5
4,94.3,100.0,0,1295555.0,1493043.0,0
5,82.8,83.3,1,153707.0,255031.0,3
6,100.0,90.5,2,225545.0,445698.0,11
7,96.6,100.0,6,1980920.0,2660173.0,0
8,100.0,83.3,1,457216.0,529911.0,2
9,100.0,,2,630399.0,760989.0,0
10,95.8,56.3,1,317271.0,478229.0,5
11,99.0,95.5,5,804054.0,1024397.0,0
12,96.2,69.4,1,100922.0,126655.0,5
13,96.9,86.2,3,354641.0,481946.0,3
14,100.0,90.6,1,226713.0,357567.0,1
15,99.0,81.8,1,414355.0,581844.0,0
16,92.8,86.0,2,185067.0,273196.0,7
17,87.8,82.8,1,175262.0,293365.0,5
18,96.8,100.0,2,846554.0,798392.0,0
19,94.7,100.0,1,349608.0,418373.0,0
20,100.0,96.7,1,311431.0,418173.0,0
21,98.4,88.0,3,273781.0,390925.0,13
22,99.6,,6,416874.0,481698.0,4
23,100.0,90.0,2,227735.0,591028.0,1
24,100.0,,3,405427.0,327208.0,0
25,92.4,100.0,1,363035.0,478299.0,0
26,96.0,86.7,0,247722.0,899528.0,0
27,93.9,100.0,0,223200.0,549583.0,0
28,100.0,100.0,6,865864.0,370635.0,1
29,94.5,100.0,1,317132.0,291169.0,0
30,93.8,48.0,8,475966.0,475891.0,10
31,100.0,100.0,0,580549.0,772069.0,0
32,92.1,,17,177412.0,234593.0,0
33,100.0,100.0,3,182313.0,276500.0,0
34,90.4,85.7,0,176099.0,321646.0,3
35,97.3,95.0,2,312998.0,372714.0,1
36,98.7,90.0,1,252623.0,435040.0,3
37,93.2,71.4,1,397265.0,348955.0,2
38,97.1,100.0,5,272521.0,573136.0,2
39,94.0,86.8,0,224972.0,1772045.0,1
40,91.5,82.6,0,178147.0,367974.0,6
41,100.0,80.0,1,193996.0,254669.0,0
42,95.0,91.3,1,274823.0,247895.0,1
43,100.0,93.8,1,619871.0,338218.0,0
44,95.9,,2,1199231.0,764958.0,0
45,96.6,92.7,2,325792.0,434200.0,2
46,93.8,91.3,1,249053.0,325353.0,0
47,77.5,,5,,311143.0,0
48,90.6,90.9,0,216194.0,581879.0,1
49,99.2,95.0,0,223826.0,832500.0,2
50,100.0,90.3,1,172412.0,293935.0,1
51,97.8,,4,429178.0,335791.0,6
52,93.3,66.7,3,220625.0,264568.0,6
53,93.8,72.4,2,157757.0,520548.0,11
54,91.8,88.2,3,132202.0,301079.0,5
55,97.4,88.9,3,362095.0,253260.0,1
56,96.1,,6,297375.0,,0
57,94.0,72.2,5,193396.0,352770.0,1
58,94.4,82.4,2,220705.0,222328.0,8
59,96.9,88.9,4,172452.0,965152.0,4
60,96.3,91.7,1,170308.0,321864.0,8
61,96.9,91.7,1,214456.0,259980.0,2
62,73.3,,13,,226333.0,2
64,96.3,82.6,2,128121.0,328737.0,3
65,99.4,87.5,1,,445947.0,4
66,95.6,70.0,12,179600.0,372176.0,1
67,100.0,100.0,1,,,1
68,98.3,82.8,3,213559.0,,3
69,98.2,100.0,2,931450.0,181539.0,0
70,85.1,100.0,1,159098.0,257780.0,3
71,89.2,87.9,0,147640.0,1275531.0,10
72,97.9,80.0,3,194000.0,,5
73,97.1,80.8,1,232215.0,489675.0,2
74,90.7,90.0,3,199176.0,312952.0,0
75,97.1,100.0,1,334903.0,259033.0,0
76,95.8,96.8,0,334100.0,297141.0,1
77,93.3,86.7,1,249195.0,,0
78,89.7,76.7,6,261253.0,292350.0,0
79,92.1,58.8,1,,304046.0,5
80,100.0,92.3,0,172349.0,318182.0,2
81,85.5,88.9,1,242887.0,295565.0,1
82,97.1,86.2,2,246304.0,302500.0,3
83,90.3,71.9,0,462733.0,165684.0,1
84,100.0,,0,447269.0,344791.0,0
85,96.5,69.6,1,131724.0,272712.0,10
86,91.0,62.5,1,240528.0,454765.0,8
87,100.0,100.0,2,326855.0,342462.0,1
88,82.5,73.3,1,132380.0,239152.0,6
89,90.8,95.0,0,176814.0,330630.0,0
90,98.1,80.0,1,248450.0,358163.0,6
91,89.4,87.9,0,263935.0,330051.0,1
92,93.9,87.5,15,261726.0,676467.0,3
93,89.0,75.0,10,,284554.0,2
94,91.7,71.4,5,150804.0,341948.0,1
95,92.2,88.9,13,261289.0,372534.0,2
96,96.8,84.2,5,215795.0,295964.0,5
97,98.0,92.0,0,240547.0,289979.0,0
98,98.8,90.7,0,224014.0,375145.0,2
99,96.9,93.3,1,275387.0,343438.0,2
100,83.8,81.3,3,241891.0,252679.0,3
101,94.3,85.7,1,163208.0,342375.0,5
102,90.3,78.6,2,175125.0,458319.0,3
103,95.5,81.8,1,245581.0,327236.0,12
105,94.4,85.7,0,342044.0,416477.0,1
106,97.5,68.8,5,370667.0,291460.0,3
107,97.8,90.0,2,182279.0,323456.0,3
108,96.4,89.5,1,261929.0,574056.0,0
109,93.3,100.0,1,419507.0,172925.0,1
110,95.7,100.0,1,305185.0,292822.0,1
111,96.7,89.6,1,311760.0,255318.0,1
112,94.2,80.0,0,233082.0,434725.0,2
113,98.5,96.1,0,236592.0,516667.0,5
114,80.3,86.7,3,136944.0,253600.0,2
115,92.9,96.6,2,448539.0,721467.0,0
116,92.9,90.9,3,409212.0,663618.0,12
117,99.2,81.6,1,229772.0,607896.0,6
118,94.2,90.0,0,429479.0,235122.0,0
119,41.3,88.9,1,197346.0,416720.0,1
120,87.6,89.5,1,144264.0,431956.0,8
121,98.4,92.0,2,148314.0,367039.0,4
122,,,5,,248462.0,0
123,100.0,93.3,1,162693.0,591272.0,10
124,100.0,90.9,3,156566.0,411068.0,4
125,97.5,91.2,2,198090.0,342726.0,3
126,95.0,85.7,0,363264.0,313538.0,0
127,94.9,89.7,1,202438.0,626286.0,4
128,90.3,75.8,0,170106.0,294464.0,7
129,99.6,88.9,0,375000.0,249688.0,3
130,97.3,93.8,0,497114.0,837800.0,1
131,99.7,96.7,0,229632.0,572340.0,1
132,100.0,,2,410625.0,,0
133,95.6,100.0,1,434211.0,287436.0,0
134,69.7,87.5,1,204462.0,273512.0,1
135,82.5,80.0,6,77531.0,290295.0,4
136,97.8,94.7,0,285156.0,410083.0,1
137,84.6,88.2,2,183233.0,607071.0,2
138,100.0,80.0,5,193500.0,362316.0,15
139,100.0,92.9,1,158406.0,278580.0,4
140,94.6,80.8,0,211003.0,485566.0,6
141,100.0,80.0,3,131261.0,846389.0,10
142,93.9,92.9,5,189327.0,607985.0,3
143,100.0,100.0,1,513774.0,319042.0,0
144,94.5,89.5,0,200389.0,1107147.0,0
145,89.0,90.0,1,172620.0,676608.0,0
146,95.2,95.0,2,219641.0,290167.0,4
147,94.7,78.8,0,150645.0,,3
148,95.8,100.0,1,531823.0,409175.0,0
149,97.2,94.4,3,323441.0,271526.0,0
150,100.0,83.9,0,201958.0,275050.0,3
151,92.1,97.3,1,405639.0,304061.0,1
152,90.9,92.3,0,192577.0,213737.0,0
153,96.1,98.3,4,310974.0,257312.0,2
154,95.8,90.9,1,264655.0,349851.0,0
155,96.8,79.3,0,259372.0,242590.0,3
156,95.2,91.9,0,223022.0,329087.0,0
157,86.9,,5,231944.0,677971.0,8
158,93.8,89.2,3,181167.0,405518.0,10
159,97.0,87.5,0,138472.0,301515.0,9
160,100.0,78.6,2,171911.0,542213.0,8
161,100.0,81.5,0,777972.0,518758.0,1
162,84.0,84.6,1,178158.0,362646.0,0
163,93.3,57.1,28,431966.0,400781.0,1
164,95.4,71.1,3,271007.0,395623.0,9
165,97.2,90.5,3,165180.0,322156.0,0
166,87.6,100.0,1,181923.0,581477.0,2
167,92.9,,1,166167.0,479042.0,5
168,95.6,90.0,1,178365.0,278200.0,3
169,100.0,98.0,1,318599.0,522000.0,1
170,90.7,100.0,2,422494.0,272450.0,0
171,97.7,92.3,8,428528.0,276069.0,0
172,96.4,100.0,2,392009.0,272433.0,0
173,95.5,78.6,5,159595.0,1401196.0,0
174,93.7,90.3,2,219924.0,382500.0,2
175,91.6,100.0,0,403421.0,257640.0,0
176,98.2,98.0,1,358567.0,381147.0,0
177,97.3,100.0,0,494659.0,243738.0,1
178,96.0,90.9,10,303653.0,305083.0,5
179,97.6,100.0,1,654447.0,266979.0,0
180,89.6,87.5,2,196357.0,334864.0,2
181,96.7,95.5,1,501487.0,542350.0,0
182,95.0,100.0,4,224417.0,528237.0,4
183,100.0,83.3,0,203167.0,346814.0,2
184,97.3,80.0,1,587085.0,280989.0,0
185,96.3,81.6,2,,487287.0,1
186,94.8,89.7,2,182581.0,537674.0,3
187,100.0,100.0,3,440750.0,640647.0,0
188,96.4,100.0,1,381926.0,290948.0,0
189,95.7,100.0,2,792111.0,596958.0,0
190,100.0,100.0,2,133488.0,505042.0,7
191,99.4,94.4,1,228496.0,371783.0,1
192,94.3,93.5,1,258290.0,329514.0,6
193,93.7,94.1,5,749973.0,667910.0,0
194,99.2,98.1,1,811930.0,,0
195,99.3,83.1,0,264301.0,387026.0,5
196,94.5,90.3,0,189441.0,301635.0,0
197,97.9,95.5,0,141926.0,437083.0,1
198,99.0,81.3,1,476096.0,814429.0,1
199,95.6,77.1,4,138333.0,312553.0,11
200,95.7,87.5,4,452538.0,458091.0,3
201,96.2,100.0,0,752496.0,526580.0,2
202,94.3,68.4,1,184926.0,897500.0,4
203,91.6,87.5,0,311785.0,433565.0,0
204,95.9,95.8,7,338931.0,236500.0,1
205,100.0,100.0,1,832841.0,336500.0,0
206,95.5,100.0,1,442667.0,354773.0,0
207,98.5,88.9,10,310146.0,346495.0,1
208,98.7,100.0,0,1323214.0,1163259.0,0
209,96.1,94.6,0,226169.0,983262.0,1
210,98.1,92.9,9,455799.0,393690.0,0
211,93.3,87.9,0,222219.0,433932.0,2
212,100.0,77.8,12,202337.0,544283.0,3
213,96.6,100.0,24,628470.0,305500.0,0
215,100.0,100.0,0,1043733.0,281230.0,0
216,89.3,100.0,1,1077111.0,764293.0,0
217,100.0,93.8,0,888324.0,279676.0,0
218,96.9,90.0,1,254438.0,1178573.0,1
219,94.7,64.3,4,179206.0,317204.0,14
220,89.2,85.7,0,190803.0,553725.0,1
221,97.2,77.3,1,237008.0,247167.0,4
222,98.8,100.0,0,444522.0,421521.0,1
223,88.9,90.9,0,214951.0,444477.0,11
224,90.3,94.1,1,350849.0,1045038.0,2
225,93.7,92.3,0,239083.0,324466.0,0
226,100.0,,0,382012.0,423700.0,1
227,99.9,100.0,0,239871.0,1801065.0,1
228,100.0,85.7,1,367128.0,286194.0,0
229,89.1,78.8,1,253942.0,343732.0,6
230,95.7,76.9,0,101660.0,323804.0,0
231,100.0,86.1,1,287809.0,300375.0,0
232,98.6,92.9,1,234682.0,654208.0,1
233,95.7,94.1,5,405258.0,1314130.0,1
234,94.1,85.7,1,221447.0,1205319.0,5
235,96.0,100.0,0,505919.0,358625.0,0
236,96.9,,1,1124790.0,299955.0,0
237,98.6,87.8,0,180803.0,345478.0,3
238,98.5,94.9,1,195950.0,516902.0,1
240,93.4,90.0,4,350706.0,338150.0,2
241,100.0,100.0,0,775442.0,467122.0,0
242,89.7,96.0,0,226481.0,698039.0,4
243,100.0,84.6,0,234419.0,,1
244,97.8,84.6,0,225767.0,233600.0,1
245,87.5,100.0,1,227482.0,521795.0,5
246,96.7,84.6,3,144149.0,299833.0,4
247,100.0,100.0,4,,403833.0,7
248,100.0,91.7,1,,524483.0,3
249,89.8,83.3,2,,457784.0,11
250,93.8,100.0,1,199529.0,215200.0,0
251,96.6,86.8,0,268309.0,392341.0,1
252,80.8,85.7,0,291759.0,329986.0,0
253,97.9,91.3,12,376390.0,312764.0,0
254,100.0,85.7,11,359456.0,316484.0,2
255,94.1,96.8,1,442781.0,1479926.0,0
256,98.8,89.7,0,432554.0,477179.0,0
257,94.9,94.1,1,360285.0,271462.0,0
258,86.8,97.5,1,184185.0,505523.0,3
259,99.3,92.9,0,182000.0,969519.0,3
260,97.1,93.9,3,204257.0,308974.0,8
261,98.3,85.7,0,255005.0,362567.0,0
262,97.1,96.3,0,501912.0,223771.0,1
263,98.0,96.2,0,452403.0,,1
264,93.3,90.0,0,222301.0,254182.0,4
265,97.7,75.0,0,256933.0,203000.0,0
266,97.2,93.5,0,248759.0,318135.0,0
267,95.0,93.5,2,314486.0,197318.0,1
268,97.6,81.8,0,204963.0,385500.0,1
269,93.1,100.0,2,408553.0,387432.0,0
270,94.3,80.0,10,,484471.0,1
271,90.5,100.0,0,154033.0,400735.0,0
272,90.3,80.0,5,,538559.0,2
273,96.6,84.2,0,249264.0,311079.0,1
274,94.9,100.0,28,,409216.0,2
275,97.8,100.0,1,336318.0,475682.0,2
276,100.0,95.2,1,257489.0,507566.0,3
277,98.7,100.0,0,308461.0,772545.0,0
278,98.6,88.9,2,234855.0,215231.0,2
279,100.0,92.3,0,169016.0,279819.0,0
280,100.0,74.4,4,156090.0,595824.0,1
281,96.5,100.0,5,225863.0,281525.0,1
282,99.6,68.4,0,201388.0,282110.0,3
283,99.6,85.7,0,194886.0,339057.0,2
284,95.3,95.5,2,557715.0,413273.0,0
285,,,5,,741491.0,2
286,98.9,100.0,5,218400.0,594247.0,1
287,100.0,100.0,7,267250.0,338672.0,0
288,97.9,100.0,1,360955.0,357864.0,0
289,93.7,87.7,1,305549.0,383779.0,1
290,99.8,100.0,15,418258.0,385626.0,13
291,100.0,73.9,1,146825.0,309455.0,5
292,100.0,72.7,1,113000.0,,6
293,94.9,70.0,1,214583.0,270654.0,7
294,89.4,87.5,1,228848.0,,2
295,94.9,91.7,0,213712.0,340097.0,4
296,95.0,97.4,0,277353.0,565875.0,0
297,100.0,,1,561292.0,,0
298,92.5,84.6,10,166000.0,460628.0,0
299,98.8,96.9,1,187948.0,374961.0,3
300,100.0,,5,277000.0,325111.0,0
301,94.7,96.0,0,241051.0,287267.0,2
302,100.0,86.8,1,432727.0,281071.0,0
303,76.1,92.3,8,368795.0,494444.0,0
304,92.9,100.0,1,,,1
305,95.9,70.0,0,210725.0,273457.0,0
306,85.6,92.3,6,154350.0,321000.0,5
307,94.8,95.0,4,225953.0,308286.0,7
308,100.0,100.0,0,342655.0,495638.0,0
309,86.4,100.0,0,419018.0,508933.0,0
310,96.9,93.0,2,326592.0,443261.0,0
311,98.4,100.0,1,176138.0,385632.0,4
312,96.0,100.0,0,172500.0,297000.0,2
313,85.3,70.8,5,234971.0,323225.0,1
314,95.0,65.2,0,321500.0,441888.0,1
315,98.4,,5,491392.0,646853.0,2
316,96.1,86.8,2,203295.0,336968.0,6
317,77.2,100.0,1,268398.0,440867.0,1
318,94.4,100.0,1,300139.0,408826.0,0
319,96.7,90.6,3,209066.0,305406.0,1
320,100.0,100.0,6,602746.0,943911.0,0
321,89.3,90.0,1,142256.0,256733.0,3
322,93.1,86.7,0,190028.0,294574.0,0
323,97.6,88.9,2,232616.0,285867.0,4
324,99.3,92.9,0,353728.0,406566.0,2
325,91.6,86.7,0,169658.0,256994.0,1
326,97.5,40.0,0,226986.0,351706.0,4
327,86.9,87.5,2,143861.0,286682.0,3
328,100.0,76.9,1,266698.0,311315.0,4
329,100.0,88.9,0,186875.0,285802.0,0
330,98.3,84.2,0,192642.0,313216.0,0
331,96.0,76.9,5,212950.0,292600.0,7
332,99.0,86.4,0,229571.0,344652.0,4
333,94.2,78.1,1,178488.0,290789.0,2
334,100.0,,42,,,1
335,96.2,100.0,1,347672.0,452285.0,0
336,94.2,87.5,0,285118.0,356019.0,2
337,98.3,100.0,0,329495.0,415994.0,1
338,98.2,,10,393429.0,646307.0,1
339,100.0,,24,598644.0,665386.0,1
343,91.3,,3,458361.0,605434.0,1
344,85.9,100.0,1,303208.0,395595.0,5
345,96.2,76.5,0,209202.0,345757.0,0
346,98.1,95.5,3,156987.0,261903.0,8
347,52.8,100.0,3,464234.0,535911.0,2
348,95.7,83.3,0,224919.0,320266.0,2
349,99.5,93.8,0,1090607.0,1243964.0,0
350,98.6,93.3,2,474486.0,583469.0,0
351,89.1,92.9,0,540816.0,641240.0,0
352,96.9,91.7,0,346510.0,495667.0,0
353,100.0,94.9,1,531350.0,617934.0,0
354,100.0,100.0,7,203131.0,272875.0,0
355,98.8,100.0,13,324779.0,435286.0,2
356,95.2,100.0,2,602139.0,719374.0,0
357,83.5,100.0,2,438918.0,589884.0,0
358,99.0,100.0,19,490231.0,669062.0,2
359,91.0,93.3,1,616082.0,728152.0,0
360,95.6,97.0,0,254438.0,339233.0,0
361,94.2,91.7,8,339452.0,479053.0,2
362,100.0,88.5,2,148708.0,311843.0,7
363,90.5,90.0,5,152521.0,327721.0,19
364,97.2,100.0,2,1280982.0,1608122.0,0
365,100.0,87.5,2,283608.0,349985.0,1
366,94.7,80.0,7,209000.0,289827.0,3
367,98.0,90.5,26,505791.0,626530.0,1
368,99.1,91.7,4,193533.0,293106.0,0
369,94.2,,2,141057.0,353833.0,10
370,79.3,72.5,7,238721.0,376382.0,14
371,95.4,75.8,2,132733.0,248600.0,19
372,96.8,92.6,1,283594.0,399546.0,3
373,100.0,85.7,1,605274.0,854023.0,0
374,96.7,95.0,0,362437.0,276078.0,23
375,96.5,100.0,1,890057.0,1212034.0,0
376,96.0,86.4,0,218246.0,332707.0,3
377,90.9,95.5,0,250535.0,377854.0,2
378,96.2,94.1,2,652680.0,741306.0,3
379,95.6,98.2,1,648831.0,882931.0,2
380,93.9,97.5,1,569384.0,758632.0,0
381,97.9,71.4,2,520641.0,790906.0,1
382,93.4,62.5,1,430659.0,578380.0,6
383,91.7,80.0,1,308094.0,428127.0,3
385,90.4,84.9,1,120514.0,208064.0,21
386,88.5,83.3,2,436032.0,650696.0,5
387,87.1,82.1,4,136617.0,268085.0,9
388,98.8,,8,521890.0,586132.0,3
389,97.7,84.1,1,247359.0,377636.0,8
390,93.2,85.7,2,336643.0,443914.0,1
391,99.0,100.0,1,405398.0,550215.0,0
392,98.1,98.3,4,978832.0,1269903.0,0
393,97.5,95.0,6,358430.0,482354.0,0
394,93.3,87.5,1,350064.0,465254.0,2
395,100.0,100.0,3,306260.0,412814.0,0
396,99.3,92.3,0,310623.0,406980.0,2
397,100.0,68.8,10,250045.0,444525.0,0
398,90.9,100.0,1,307518.0,586500.0,0
399,96.9,91.7,6,434867.0,572779.0,0
400,99.4,100.0,0,434550.0,397791.0,0
401,97.5,89.7,1,266946.0,385131.0,0
402,95.5,100.0,0,311144.0,384934.0,0
403,94.5,100.0,1,350306.0,691217.0,0
404,88.8,84.2,1,195570.0,352119.0,0
405,94.7,98.0,1,269641.0,403220.0,0
406,97.0,100.0,0,368165.0,506645.0,0
407,96.9,77.8,1,286710.0,410439.0,0
408,86.2,100.0,1,314338.0,438198.0,0
409,96.0,100.0,1,1157274.0,1560137.0,0
410,98.3,100.0,3,353193.0,541263.0,0
411,89.4,95.8,4,243072.0,341462.0,0
412,100.0,100.0,0,574806.0,699720.0,0
413,97.0,100.0,1,408335.0,582691.0,0
416,98.4,90.0,9,239268.0,314000.0,0
417,95.7,82.4,1,335996.0,498836.0,0
418,97.4,78.9,2,450259.0,603709.0,0
419,98.9,100.0,0,407095.0,543045.0,0
420,97.4,86.7,1,367615.0,493006.0,0
421,95.3,100.0,0,357754.0,482506.0,0
422,96.9,84.2,2,274444.0,348000.0,0
423,97.7,100.0,0,421417.0,526538.0,0
424,96.1,100.0,1,730394.0,757313.0,0
425,100.0,100.0,0,454730.0,703959.0,0
426,97.1,96.2,2,293762.0,440667.0,0
428,97.9,91.7,1,285317.0,448795.0,0
430,94.2,87.5,0,273789.0,376858.0,0
431,97.5,96.0,0,265970.0,386081.0,0
432,97.5,95.8,0,314642.0,440328.0,0
433,95.3,100.0,0,384898.0,494065.0,0
434,98.6,95.2,1,475196.0,595385.0,0
435,100.0,100.0,0,344175.0,423438.0,0
436,94.6,94.1,0,258757.0,354826.0,0
437,96.8,96.7,1,342186.0,495049.0,0
438,98.3,100.0,0,350023.0,587604.0,0
442,98.1,100.0,1,208476.0,326283.0,0
443,93.3,87.5,0,356875.0,468351.0,0
444,96.5,90.0,0,264996.0,359932.0,0
445,98.4,90.9,0,292377.0,410342.0,0
446,89.8,,0,257240.0,397288.0,0
447,97.6,93.1,0,321579.0,415967.0,0
448,98.6,100.0,4,324893.0,433409.0,0
449,89.7,100.0,1,1027839.0,1418063.0,0
450,94.1,96.7,0,399889.0,593103.0,0
451,96.7,97.1,0,473401.0,692947.0,0
452,98.6,88.9,2,331264.0,396469.0,0
453,100.0,78.6,1,232155.0,322067.0,0
454,98.4,100.0,0,393027.0,476431.0,1
455,96.8,100.0,0,358965.0,500778.0,0
456,100.0,,3,441434.0,506412.0,0
457,96.4,100.0,0,363316.0,555526.0,0
458,94.4,93.8,0,343294.0,482317.0,0
459,99.7,93.8,0,352870.0,446321.0,0
460,94.4,90.9,2,296322.0,382462.0,0
462,88.0,80.0,0,442964.0,601965.0,0
463,98.0,92.0,1,267843.0,373971.0,0
464,95.4,97.8,1,365018.0,528309.0,0
465,97.2,92.3,1,319758.0,461857.0,0
466,95.4,96.7,0,296757.0,494380.0,0
467,97.5,100.0,6,328083.0,451210.0,0
468,89.9,,2,630400.0,1099500.0,0
469,95.7,100.0,0,551965.0,770712.0,0
470,100.0,100.0,1,461163.0,670302.0,0
471,99.1,95.7,2,295417.0,415297.0,0
472,100.0,100.0,0,663067.0,1100345.0,0
473,99.8,80.0,8,348305.0,485542.0,0
474,100.0,100.0,2,436917.0,798000.0,0
475,94.0,100.0,1,510148.0,866494.0,0
476,96.9,90.9,84,343830.0,421799.0,39
