NPA,2013,2014,2015,2016,2017,2018,2019,2020,2021,2022,2023
2,"61.1%","75%","83.3%","85.7%","90%","90%","66.7%","70%","83.3%","60%","100%"
3,"87.5%","91.4%","100%","100%","94.6%","89.5%","93.9%","90.9%","92.1%","93%","100%"
4,"100%","100%","100%","100%","91.7%","85%","100%","100%","100%","100%","100%"
5,"80%","50%","100%","80%","76.9%","--","--","62.5%","75%","42.9%","83.3%"
6,"56.3%","61.9%","61.1%","72%","87.5%","76.2%","94.7%","64.3%","60%","75%","90.5%"
7,"83.3%","100%","100%","--","100%","100%","--","100%","100%","100%","100%"
8,"--","--","--","--","--","--","--","100%","83.3%","81.8%","83.3%"
9,"--","--","--","--","--","--","--","--","--","--","--"
10,"58.8%","56%","60.9%","70.8%","88.5%","--","--","72.7%","57.1%","78.9%","56.3%"
11,"100%","100%","100%","100%","100%","94.7%","95%","92.3%","100%","100%","95.5%"
12,"51.7%","85%","77.8%","77.8%","86.5%","90.5%","100%","81.8%","86.8%","70.5%","69.4%"
13,"50%","64.3%","60%","76.9%","83.3%","--","76.9%","70%","58.8%","78.9%","86.2%"
14,"94.7%","97.2%","96.9%","91.5%","92.7%","87%","80%","94.6%","78.9%","78.8%","90.6%"
15,"80%","90.9%","100%","100%","100%","--","83.3%","100%","93.3%","100%","81.8%"
16,"70%","80%","75%","93.6%","92.7%","84.8%","86.5%","83%","84.6%","94.6%","86%"
17,"77.5%","81%","80.8%","90.9%","77.5%","77.4%","94.7%","77.1%","74.1%","90.6%","82.8%"
18,"88.2%","90.9%","88.9%","100%","100%","83.9%","96.3%","93.5%","90.9%","90.5%","100%"
19,"92.6%","86.7%","88%","96.8%","100%","96.9%","93.5%","100%","100%","96.2%","100%"
20,"100%","96.3%","100%","85%","100%","87%","82.8%","97.1%","93.1%","100%","96.7%"
21,"54.5%","57.1%","90%","89.7%","92.3%","81.8%","85.7%","88.5%","84%","73.3%","88%"
22,"33.3%","--","--","--","--","--","--","83.3%","--","--","--"
23,"88.2%","81.8%","66.7%","88.9%","78.6%","--","--","80%","83.3%","100%","90%"
24,"76.9%","66.7%","66.7%","76.9%","91.7%","--","--","70%","71.4%","57.1%","--"
25,"100%","97.6%","93.8%","94.4%","100%","95.7%","81.8%","100%","100%","95.9%","100%"
26,"92.5%","89.7%","100%","92%","95.5%","84%","75.9%","91.7%","79.3%","100%","86.7%"
27,"77.8%","96.2%","89.5%","94.4%","100%","95.1%","89.5%","92.7%","91.2%","82.9%","100%"
28,"--","100%","80%","100%","--","--","100%","92.3%","100%","100%","100%"
29,"80%","100%","88.9%","100%","90.9%","100%","--","94.4%","100%","90.9%","100%"
30,"50%","57.1%","78.6%","78.9%","73.3%","69.2%","66.7%","54.2%","56.3%","45.5%","48%"
31,"100%","100%","100%","100%","100%","94.4%","--","95.2%","94.4%","100%","100%"
32,"100%","--","--","--","--","--","--","--","--","--","--"
33,"100%","--","80%","60%","--","--","--","100%","100%","100%","100%"
34,"77.3%","78.3%","93.3%","81%","90%","90.9%","90.5%","73%","79.3%","89.7%","85.7%"
35,"58.8%","83.3%","75%","90.9%","--","72.7%","81.8%","86.4%","57.1%","90%","95%"
36,"92.3%","91.7%","100%","100%","88.2%","80%","90.9%","93.8%","92.3%","80%","90%"
37,"69.2%","80%","87.5%","62.5%","88.2%","--","84.6%","88.9%","85.7%","58.3%","71.4%"
38,"84.4%","95%","91.3%","100%","95.8%","92%","85%","94.1%","100%","92.3%","100%"
39,"87.5%","84.2%","83.3%","86.8%","89.1%","87.5%","86.1%","94%","83%","90%","86.8%"
40,"60%","71%","100%","76.7%","72.7%","70.6%","80%","82.9%","86.8%","71.4%","82.6%"
41,"66.7%","88.9%","81.3%","94.7%","84.2%","--","--","100%","63.6%","100%","80%"
42,"81.8%","57.1%","100%","84.6%","100%","100%","100%","100%","94.1%","100%","91.3%"
43,"86.7%","88.9%","100%","100%","100%","85.7%","--","100%","84.2%","86.7%","93.8%"
44,"--","--","--","--","--","--","--","--","--","--","--"
45,"88%","89.5%","100%","100%","93.1%","90.2%","84.9%","96.5%","92.9%","87.8%","92.7%"
46,"72%","83.3%","90%","86.7%","88.9%","90.5%","84.2%","79.3%","89.5%","87.5%","91.3%"
47,"--","--","--","--","--","--","--","--","--","--","--"
48,"92.6%","92.6%","87%","97.1%","100%","76.9%","85.7%","91.7%","82.6%","95.7%","90.9%"
49,"79.2%","76.9%","80.8%","80.8%","88.2%","75%","88.5%","91.7%","78.9%","88.9%","95%"
50,"63.5%","87.2%","83.3%","71.4%","73.3%","84.6%","75%","85.4%","61.9%","88%","90.3%"
51,"100%","--","--","80%","--","--","--","--","--","--","--"
52,"61.9%","58.8%","66.7%","64.7%","92.9%","--","--","77.3%","50%","87.5%","66.7%"
53,"58.6%","64%","90%","61.8%","83.3%","90.9%","89.7%","66.7%","64.7%","82.1%","72.4%"
54,"62.5%","77.8%","81.3%","78.6%","88.9%","84.6%","83.3%","80%","85.2%","77.8%","88.2%"
55,"83.3%","87.5%","72.2%","100%","93.8%","88.9%","92.3%","94.1%","92.9%","87.5%","88.9%"
56,"100%","77.8%","100%","100%","--","92.9%","75%","100%","100%","100%","--"
57,"60%","70%","88%","83.3%","66.7%","100%","87%","88.2%","86.4%","81.8%","72.2%"
58,"53.8%","78.3%","93.3%","86.7%","87.5%","92.3%","92.3%","90.9%","77.8%","89.5%","82.4%"
59,"55%","66.7%","78.6%","88.9%","81.8%","94.1%","94.7%","86.4%","71.4%","90.5%","88.9%"
60,"54.5%","75%","83.3%","92.9%","100%","76.9%","--","58.3%","75%","88.9%","91.7%"
61,"62.5%","100%","88.9%","90%","90.9%","--","--","100%","100%","88.9%","91.7%"
62,"--","--","--","--","--","--","--","--","--","--","--"
64,"75%","61.5%","94.1%","81.3%","81.8%","63.6%","86.7%","93.3%","84.2%","84.2%","82.6%"
65,"--","--","--","100%","--","--","90.9%","90%","100%","90.9%","87.5%"
66,"100%","88.9%","80%","--","--","--","--","100%","100%","100%","70%"
67,"--","--","--","--","--","--","--","--","--","--","100%"
68,"86.4%","88.5%","96.7%","96.4%","95.7%","92%","90%","92%","90%","85.2%","82.8%"
69,"80%","100%","85.7%","100%","100%","--","93.3%","91.7%","100%","100%","100%"
70,"81.8%","76.9%","72.2%","100%","61.5%","100%","94.1%","88.9%","78.6%","58.3%","100%"
71,"60%","80%","75%","69%","77.8%","95.7%","83.3%","79.4%","63.4%","80%","87.9%"
72,"100%","100%","100%","100%","84.2%","79.2%","81.3%","91.7%","90.3%","92.9%","80%"
73,"88.5%","85.7%","83.9%","74.1%","77.4%","93.9%","90.5%","80.6%","86.1%","87.5%","80.8%"
74,"--","81.8%","80%","100%","--","--","--","--","--","--","90%"
75,"100%","96.8%","100%","100%","100%","85.2%","94.7%","97.1%","100%","100%","100%"
76,"78.6%","96.9%","86.7%","77.8%","100%","82.4%","89.3%","85.3%","86.8%","90.3%","96.8%"
77,"91.7%","89.9%","94.5%","87.8%","93.5%","92.5%","87%","90.2%","87.2%","84.7%","86.7%"
78,"87%","68.2%","100%","87.5%","89.3%","95%","90.9%","90%","89.3%","90.5%","76.7%"
79,"75%","53.8%","53.3%","63.6%","78.3%","83.3%","--","52.4%","50%","81.8%","58.8%"
80,"94.4%","100%","88.9%","80%","100%","90%","90.9%","100%","89.5%","92.3%","92.3%"
81,"90%","100%","100%","75%","100%","--","92.3%","100%","88.9%","73.3%","88.9%"
82,"100%","80.8%","93.3%","96.6%","100%","91.7%","88.9%","92.3%","85.7%","91.9%","86.2%"
83,"66.7%","79.2%","78.3%","88.9%","68.2%","76.5%","83.3%","81.5%","68.4%","50%","71.9%"
84,"80%","100%","--","--","--","--","--","100%","83.3%","--","--"
85,"74.3%","63.6%","63%","77.8%","94.7%","100%","100%","82.4%","73.7%","66.7%","69.6%"
86,"71%","66.7%","81.8%","83.3%","65.2%","88%","70%","73.3%","61.9%","66.7%","62.5%"
87,"43.8%","47.1%","80%","100%","--","--","--","--","--","--","100%"
88,"66.7%","80%","70.6%","73.3%","85.7%","90.9%","83.3%","86.7%","79.2%","66.7%","73.3%"
89,"95%","87.5%","85.7%","82.6%","80.8%","90.5%","100%","100%","72.7%","90%","95%"
90,"60%","50%","90%","75%","68.8%","--","--","77.8%","71.4%","60%","80%"
91,"79.5%","88.2%","85.3%","84.8%","92.9%","71%","84.8%","91.4%","96.7%","90%","87.9%"
92,"100%","77.8%","88.9%","--","--","--","100%","72.7%","66.7%","100%","87.5%"
93,"69.6%","66.7%","90.9%","94.7%","100%","100%","--","84.2%","76.9%","88.9%","75%"
94,"45.5%","60%","85.7%","87.5%","69.2%","--","--","88.2%","64%","79.2%","71.4%"
95,"86.7%","94.4%","100%","100%","90.9%","--","82.4%","76.2%","83.3%","85.2%","88.9%"
96,"75%","78.4%","75.7%","90%","89.7%","97.2%","92.2%","89.1%","83.3%","92.3%","84.2%"
97,"83.9%","88.6%","90.6%","89.7%","96.6%","96.7%","95.7%","86.5%","91.2%","86.4%","92%"
98,"80%","94.4%","100%","87.2%","100%","80%","81.6%","93.5%","94.4%","90.2%","90.7%"
99,"71.4%","91.7%","95.2%","86.4%","100%","90.9%","85.7%","76.5%","73.3%","91.7%","93.3%"
100,"50%","68.2%","78.6%","75%","81.5%","84.2%","73.3%","87%","78.6%","80%","81.3%"
101,"69.6%","57.1%","82.4%","80%","100%","100%","93.3%","88.9%","63.6%","77.3%","85.7%"
102,"83.3%","68.2%","85.7%","85.7%","86.7%","--","--","81.8%","68.8%","92.9%","78.6%"
103,"60.7%","73.7%","84.6%","95.5%","96%","81.8%","87.5%","89.5%","92.9%","91.7%","81.8%"
105,"--","--","87.5%","90%","--","100%","--","83.3%","100%","100%","85.7%"
106,"57.1%","66.7%","66.7%","50%","--","--","--","55.6%","43.5%","37.5%","68.8%"
107,"76%","88.5%","95%","96.7%","79.3%","100%","86.2%","93.8%","78.6%","95.2%","90%"
108,"93.1%","94.1%","93.8%","94.4%","100%","78.6%","83.3%","100%","84.2%","85.7%","89.5%"
109,"100%","93.8%","93.9%","100%","77.8%","75%","--","92.9%","81.3%","94.4%","100%"
110,"83.3%","82.6%","85.7%","87.5%","100%","86.7%","81.3%","83.3%","87%","86.7%","100%"
111,"83.9%","100%","86.7%","86.7%","94.4%","95%","86.4%","90.9%","78.9%","93.8%","89.6%"
112,"77.8%","81.3%","70%","94.4%","--","--","88.9%","71.4%","100%","80%","80%"
113,"95%","81.5%","92.6%","88%","89.7%","81.8%","88.2%","87.5%","84.3%","86.8%","96.1%"
114,"66.7%","66.7%","63.6%","83.3%","66.7%","69.2%","--","87.5%","69.6%","80%","86.7%"
115,"95.3%","96.2%","98.6%","97.5%","97.7%","94.6%","99.1%","98.8%","100%","96%","96.6%"
116,"47.2%","88.9%","83.3%","82.9%","85.2%","90.9%","88.9%","88.6%","66.7%","93%","90.9%"
117,"77.6%","90.2%","90.2%","91.9%","98.5%","86.9%","91.2%","91.7%","88.2%","97.2%","81.6%"
118,"100%","88.9%","92.9%","100%","100%","100%","100%","100%","94.1%","100%","90%"
119,"73.3%","71.4%","90%","100%","75%","--","100%","85%","77.8%","76.9%","88.9%"
120,"76.2%","64.3%","75%","71.4%","95.7%","92.3%","100%","81.3%","87%","92.3%","89.5%"
121,"75%","71.4%","71.4%","85.7%","91.3%","92.9%","87.5%","81%","69.6%","85.7%","92%"
122,"--","--","--","--","--","--","--","--","--","--","--"
123,"81.5%","69.6%","78.8%","84.4%","90%","100%","92.9%","93.1%","52.9%","80%","93.3%"
124,"66.7%","72%","81%","73.3%","90%","93.3%","83.3%","76.5%","76.2%","77.8%","90.9%"
125,"70.4%","73.5%","85.5%","90.2%","94.6%","95.8%","94.4%","84.4%","75%","89.7%","91.2%"
126,"--","60%","--","66.7%","--","--","--","83.3%","61.5%","87.5%","85.7%"
127,"60.9%","64.3%","81.8%","92.9%","71.4%","83.3%","--","66.7%","58.8%","79.2%","89.7%"
128,"39.4%","68.2%","87.9%","74.3%","71.4%","80%","90.5%","79.5%","89.3%","71%","75.8%"
129,"100%","93.3%","100%","100%","90.9%","88.2%","75%","100%","100%","100%","88.9%"
130,"90%","100%","100%","100%","--","--","100%","100%","90%","100%","93.8%"
131,"95%","81.3%","95.2%","95.8%","90.3%","88.9%","91.7%","96.3%","94.4%","91.4%","96.7%"
132,"--","--","--","--","--","--","--","--","--","--","--"
133,"100%","100%","87.5%","--","--","--","--","100%","87.5%","100%","100%"
134,"84.6%","100%","82.4%","80%","73.3%","92.3%","66.7%","94.4%","69.2%","92.9%","87.5%"
135,"80%","100%","50%","80%","91.7%","75%","70.6%","81.8%","50%","93.3%","80%"
136,"92.9%","85.7%","87.5%","91.7%","100%","71.4%","83.3%","82.4%","100%","93.3%","94.7%"
137,"80.8%","72%","95.2%","93.1%","88.5%","88.2%","95.2%","83.3%","72.5%","96.3%","88.2%"
138,"42.9%","83.3%","84.6%","57.1%","70.6%","100%","--","--","80%","85.7%","80%"
139,"73.9%","82.4%","78.9%","94.4%","76.9%","--","69.2%","79.2%","86.7%","83.3%","92.9%"
140,"66.7%","94.3%","81.6%","88.6%","81%","85%","96.2%","89.7%","86.1%","83%","80.8%"
141,"60%","83.3%","71.4%","100%","100%","--","--","88.9%","72.7%","100%","80%"
142,"70.8%","86.4%","80.6%","83.3%","84.6%","94.7%","93.5%","83.3%","73.5%","82.6%","92.9%"
143,"100%","87.5%","100%","100%","100%","--","93.3%","100%","100%","100%","100%"
144,"78.1%","78.6%","93.5%","85.3%","86.8%","92.3%","96.4%","70.4%","89.5%","84%","89.5%"
145,"69%","73.5%","90.5%","90.3%","93.5%","95.8%","93.8%","88.2%","82.4%","92.6%","90%"
146,"85.7%","87.5%","92.9%","97.7%","97.5%","78.9%","87%","93.8%","96.6%","94.4%","95%"
147,"62.5%","75%","73.9%","79.3%","87.5%","78.6%","91.7%","87.5%","84.8%","91.9%","78.8%"
148,"88.9%","100%","97%","93.3%","100%","90.6%","92.3%","100%","90.9%","91.7%","100%"
149,"88.9%","100%","100%","92.9%","--","92.9%","--","100%","80%","100%","94.4%"
150,"81.3%","55.6%","80%","96.2%","83.3%","86.7%","84.2%","91.7%","87.5%","85.2%","83.9%"
151,"96.6%","95.7%","98.3%","93.9%","98.4%","90%","88.9%","97.9%","98.7%","95.1%","97.3%"
152,"85.7%","77.8%","92.3%","100%","--","81.8%","90.9%","78.6%","92.3%","93.8%","92.3%"
153,"96.5%","97.1%","96.6%","95.3%","93.8%","91.4%","84%","100%","91.7%","86.9%","98.3%"
154,"97.4%","100%","93.9%","100%","97.1%","94.6%","83.8%","97.9%","94.4%","91.4%","90.9%"
155,"83.3%","83.3%","100%","87.5%","93.3%","85.7%","90.5%","91.2%","82.1%","92.7%","79.3%"
156,"82.1%","85.7%","92.1%","87.5%","85.4%","84.6%","87.5%","81.3%","89.3%","93.3%","91.9%"
157,"35%","63.2%","72.7%","87.5%","--","--","--","80%","84.6%","62.5%","--"
158,"76.4%","84%","87.5%","93.9%","77.6%","89.2%","95.5%","89.4%","80%","79.6%","89.2%"
159,"55.6%","90.9%","88.9%","70%","90%","--","--","61.5%","90.9%","84.6%","87.5%"
160,"73.5%","81%","80.6%","88.6%","86%","81.5%","91.7%","79.3%","76.5%","92.6%","78.6%"
161,"71%","76.9%","100%","81.3%","83.3%","92.9%","92.3%","73.1%","70.8%","81%","81.5%"
162,"61.1%","78.6%","94.7%","95%","88.2%","95.2%","75%","91.4%","75%","85.7%","84.6%"
163,"50%","85.7%","62.5%","50%","--","--","--","100%","66.7%","88.9%","57.1%"
164,"66.7%","63.8%","62.9%","69.2%","76.5%","94.7%","90.5%","85.7%","65.4%","69.2%","71.1%"
165,"78.6%","69.6%","84.6%","78.9%","86.5%","89.7%","86.4%","88.9%","85.7%","95%","90.5%"
166,"76.9%","86.7%","100%","70%","--","--","--","84.6%","100%","90.9%","100%"
167,"71.4%","--","92.3%","100%","--","--","--","--","--","87.5%","--"
168,"60%","80%","76.5%","66.7%","76.9%","85%","85%","81.3%","81.3%","100%","90%"
169,"100%","100%","96.8%","100%","100%","87.9%","95.1%","97.6%","98.1%","98.2%","98%"
170,"95.8%","100%","100%","97.4%","100%","95.2%","94.3%","97.2%","97.4%","100%","100%"
171,"--","100%","--","100%","--","--","--","100%","71.4%","85.7%","92.3%"
172,"93.8%","100%","100%","100%","94.9%","94.3%","93.8%","93.8%","94.1%","100%","100%"
173,"91.7%","66.7%","84.2%","100%","57.1%","86.4%","84.6%","86.7%","88%","76.9%","78.6%"
174,"80%","78.9%","82.4%","90.9%","96.7%","95.7%","95.5%","91.3%","84.2%","82.6%","90.3%"
175,"92.9%","91.7%","100%","88.2%","100%","--","93.3%","88.9%","94.7%","100%","100%"
176,"94.6%","96.2%","93%","97.4%","100%","97.9%","97.3%","100%","98%","95.5%","98%"
177,"100%","100%","88.9%","100%","--","100%","91.7%","100%","91.7%","100%","100%"
178,"--","--","42.9%","75%","--","--","--","--","100%","54.5%","90.9%"
179,"93.3%","100%","100%","88.2%","91.7%","100%","91.7%","100%","100%","85.7%","100%"
180,"84.6%","83.3%","82.6%","92.9%","90%","87.5%","76.5%","92%","76.2%","78.6%","87.5%"
181,"100%","94.1%","100%","93.3%","94.7%","100%","93.8%","94.7%","100%","95.8%","95.5%"
182,"70%","87.5%","64.3%","90%","--","--","--","88.9%","50%","100%","100%"
183,"60%","--","60%","60%","60%","100%","--","100%","71.4%","83.3%","83.3%"
184,"--","--","--","--","--","--","--","--","90.9%","--","80%"
185,"48%","90.3%","73.9%","86.7%","87.5%","94.4%","77.8%","95.2%","86.4%","87.5%","81.6%"
186,"73.7%","82.1%","84.8%","78.8%","93.5%","96.9%","86.7%","87.8%","69.7%","97.2%","89.7%"
187,"100%","100%","100%","100%","100%","92.9%","100%","100%","93.3%","94.7%","100%"
188,"100%","88%","93.8%","100%","95.8%","96.2%","100%","96.6%","92%","96%","100%"
189,"81.8%","100%","90%","100%","--","--","76.9%","100%","100%","100%","100%"
190,"73.3%","50%","90%","100%","76.5%","83.3%","89.5%","100%","77.8%","72.7%","100%"
191,"97.4%","92.3%","94.4%","89.3%","93.8%","95.7%","80.6%","93.9%","78.8%","77.1%","94.4%"
192,"72.7%","88.9%","85%","94.7%","92.3%","88.6%","65.5%","88.2%","87.9%","92.3%","93.5%"
193,"91.7%","88.2%","100%","93.8%","92.9%","--","--","100%","83.3%","83.3%","94.1%"
194,"100%","98.1%","100%","100%","97.4%","94.4%","97.6%","93.2%","92.5%","97.6%","98.1%"
195,"95.5%","100%","100%","94.4%","97.2%","96.9%","91.9%","90.5%","89.8%","94.2%","83.1%"
196,"80.6%","80%","72.4%","85.7%","78.1%","85%","97%","85.7%","74.1%","91.3%","90.3%"
197,"58.6%","70.8%","73.3%","95%","81.5%","--","88.9%","82.8%","70%","95.2%","95.5%"
198,"83.3%","100%","92.9%","100%","92.3%","--","100%","91.7%","60%","75%","81.3%"
199,"71.9%","87.1%","73.9%","79.3%","77.8%","93.3%","95.7%","71.8%","68.6%","81.3%","77.1%"
200,"100%","100%","100%","85.7%","--","100%","--","100%","75%","83.3%","87.5%"
201,"95.2%","100%","100%","100%","100%","94.4%","100%","90.9%","92.9%","92.9%","100%"
202,"56.3%","58.6%","82.6%","84.8%","74.4%","83.3%","82.1%","86.8%","81.6%","80%","68.4%"
203,"76.9%","94.1%","87.5%","95.5%","89.3%","90%","88.9%","100%","92.6%","95.2%","87.5%"
204,"100%","100%","100%","100%","100%","84.2%","96.2%","100%","100%","95.2%","95.8%"
205,"100%","80%","100%","100%","--","--","--","100%","100%","100%","100%"
206,"92.9%","91.7%","100%","100%","100%","87.5%","93.3%","100%","93.3%","100%","100%"
207,"85.7%","--","90%","100%","92.3%","83.3%","92.9%","86.7%","93.3%","90.9%","88.9%"
208,"100%","100%","100%","100%","88.9%","94.7%","92.9%","100%","95.8%","90.5%","100%"
209,"81.8%","92.2%","86%","85.7%","92.7%","88.9%","87.5%","86.5%","91.8%","86.4%","94.6%"
210,"80%","--","83.3%","100%","--","--","--","90.9%","93.8%","91.7%","92.9%"
211,"74.4%","84%","87.1%","92.3%","95.6%","87.1%","89.5%","95.5%","90.2%","91.7%","87.9%"
212,"66.7%","77.8%","63.6%","80%","85.7%","--","--","72.7%","29.4%","82.6%","77.8%"
213,"100%","92.9%","83.3%","92.3%","100%","--","--","100%","87.5%","100%","100%"
215,"100%","88.9%","100%","100%","--","--","--","100%","85.7%","--","100%"
216,"--","100%","--","--","--","--","--","--","--","--","100%"
217,"100%","100%","100%","100%","--","--","92.3%","100%","100%","100%","93.8%"
218,"92%","92.3%","100%","100%","94.1%","78.8%","87.5%","100%","87.5%","78.6%","90%"
219,"54.5%","90%","100%","80%","--","--","--","91.7%","80%","91.7%","64.3%"
220,"76.9%","78.3%","94.1%","90%","95.8%","100%","83.9%","87.5%","71.4%","95%","85.7%"
221,"86.2%","80%","92.9%","100%","94.7%","87%","66.7%","88.9%","79.3%","91.3%","77.3%"
222,"100%","100%","--","100%","--","--","--","80%","--","80%","100%"
223,"83.9%","66.7%","96.2%","70.6%","95.7%","92.9%","86.7%","84%","90.5%","80%","90.9%"
224,"89.5%","90.5%","84.2%","88.2%","94.7%","100%","75%","87%","100%","91.3%","94.1%"
225,"85.7%","87.5%","87.5%","78.9%","--","85%","88.2%","92.3%","83.3%","71.4%","92.3%"
226,"90.9%","--","100%","--","--","--","--","--","80%","100%","--"
227,"80%","90.6%","86.8%","93.5%","97.4%","85.7%","82.8%","86.1%","81.8%","87.9%","100%"
228,"61.5%","--","100%","100%","--","--","--","100%","87.5%","100%","85.7%"
229,"67.9%","68%","87%","82.9%","86.5%","82.9%","79.5%","82.5%","81.5%","71.2%","78.8%"
230,"62.5%","66.7%","--","70.6%","--","--","--","100%","57.1%","88.9%","76.9%"
231,"100%","100%","96.2%","100%","100%","92.9%","88.2%","93.5%","94.4%","83.7%","86.1%"
232,"80%","82.1%","96%","90%","97.1%","83.9%","96.8%","90%","88.4%","91.9%","92.9%"
233,"90%","95%","91.7%","100%","91.7%","87%","93.8%","90%","86.7%","100%","94.1%"
234,"82.6%","86%","81.5%","90.6%","86.4%","96.7%","83.7%","75.9%","80%","93.3%","85.7%"
235,"90.9%","75%","92.3%","100%","--","84.6%","94.1%","100%","100%","93.8%","100%"
236,"100%","100%","100%","100%","--","--","--","100%","--","--","--"
237,"82.5%","79.5%","88.4%","85.7%","85.4%","82.9%","83.3%","92.2%","91.1%","80.6%","87.8%"
238,"83.8%","80%","88.1%","87.9%","92%","88%","82.6%","87.8%","87.1%","86.7%","94.9%"
240,"50%","--","85.7%","100%","--","--","--","100%","--","100%","90%"
241,"91.7%","100%","100%","100%","100%","100%","92.3%","100%","95%","100%","100%"
242,"82.6%","89.7%","80%","95.2%","88.9%","72.7%","75%","88%","75%","90%","96%"
243,"--","--","--","--","--","--","--","--","92.3%","100%","84.6%"
244,"92%","94.6%","96.3%","95.2%","95.7%","82.4%","84.6%","88.9%","90.3%","82.4%","84.6%"
245,"66.7%","80%","87.5%","92.3%","--","--","84.6%","87.5%","85.7%","81.8%","100%"
246,"85.7%","74.1%","80%","88.2%","92%","--","84.2%","100%","52.9%","71.4%","84.6%"
247,"44.4%","100%","--","72.7%","58.3%","--","--","85.7%","58.3%","60%","100%"
248,"83.3%","78.6%","90%","85.7%","--","90.9%","100%","64.3%","71.4%","61.9%","91.7%"
249,"43.8%","55%","72.7%","75%","90.9%","72.7%","100%","66.7%","50%","66.7%","83.3%"
250,"100%","100%","95%","92.9%","100%","--","89.5%","100%","100%","100%","100%"
251,"94.7%","89.3%","94.4%","100%","100%","81.8%","92.9%","100%","100%","88.9%","86.8%"
252,"100%","84.6%","100%","100%","--","--","--","100%","87.5%","87.5%","85.7%"
253,"90.9%","87.5%","100%","100%","100%","93.1%","93.9%","100%","93.5%","100%","91.3%"
254,"--","--","--","--","--","--","--","--","85.7%","--","85.7%"
255,"100%","100%","100%","100%","100%","95.9%","97.4%","100%","97%","97.9%","96.8%"
256,"100%","100%","91.3%","100%","95.8%","88%","96.3%","93.9%","94.1%","94.2%","89.7%"
257,"90.2%","97.8%","94.9%","97.4%","100%","95.3%","98.4%","95.5%","94.3%","97%","94.1%"
258,"79.1%","85.1%","81.8%","77.1%","83%","90.2%","97.6%","84.8%","85.7%","83.3%","97.5%"
259,"80%","78.8%","94.7%","90%","93.5%","92.3%","83.3%","87.1%","84%","90.5%","92.9%"
260,"83.7%","78%","73.5%","90.9%","78.6%","96.7%","94.7%","87.9%","75.9%","86.2%","93.9%"
261,"100%","86.4%","90.5%","96.4%","89.7%","78.1%","94.1%","91.7%","96.2%","92.6%","85.7%"
262,"92.3%","95.2%","91.7%","100%","100%","80%","93.1%","95.5%","100%","95.7%","96.3%"
263,"85.7%","86.4%","100%","100%","100%","94.1%","94.7%","94.4%","96%","94.7%","96.2%"
264,"94.7%","76.5%","95.7%","100%","97.4%","80%","89.3%","100%","92.7%","100%","90%"
265,"100%","93.8%","92.9%","100%","94.4%","79.2%","94.7%","100%","90.5%","83.3%","75%"
266,"93.5%","92.5%","97.4%","90.9%","88.9%","86%","93.8%","90%","97.7%","85.7%","93.5%"
267,"91.3%","89.6%","92.1%","91.7%","96.3%","89.7%","92%","94.4%","91.8%","82.1%","93.5%"
268,"83.9%","83.3%","81%","86.2%","88.5%","89.5%","85.7%","96.3%","84.8%","94.7%","81.8%"
269,"94.7%","100%","100%","100%","93.5%","88.9%","94.1%","100%","97.2%","100%","100%"
270,"61.1%","64.7%","77.8%","72.2%","90.9%","86.7%","--","68.8%","62.5%","75%","80%"
271,"84.6%","81.8%","88.9%","82.4%","81.3%","84.6%","--","92.3%","85.7%","71.4%","100%"
272,"76.9%","85.7%","85.7%","85.7%","--","--","--","87.5%","100%","81.8%","80%"
273,"83.3%","100%","100%","100%","85%","66.7%","81.8%","100%","95.8%","91.7%","84.2%"
274,"--","--","100%","--","--","72.7%","--","84.6%","87.5%","100%","100%"
275,"92.3%","96.2%","100%","96.7%","100%","83.3%","92.3%","84.6%","88%","95%","100%"
276,"89.5%","87%","86.7%","92.6%","100%","82.8%","70.8%","91.3%","96%","100%","95.2%"
277,"100%","93.8%","85.7%","100%","100%","88.9%","96.7%","84%","96.8%","85.2%","100%"
278,"84.6%","90%","92.9%","100%","100%","100%","86.7%","100%","81%","100%","88.9%"
279,"100%","80%","--","100%","100%","--","--","80%","100%","77.8%","92.3%"
280,"68%","90.9%","73.1%","69%","92.6%","93.8%","87.5%","76.3%","77.8%","91.3%","74.4%"
281,"94.1%","100%","84.6%","92.9%","95.8%","--","--","100%","100%","83.3%","100%"
282,"100%","89.3%","96.4%","95.2%","88.6%","90.9%","83.3%","90%","81.8%","83.3%","68.4%"
283,"86.7%","88.9%","88.6%","90.7%","95.7%","93.3%","80.8%","90.2%","78.4%","87.5%","85.7%"
284,"90.9%","100%","100%","100%","100%","97%","96.6%","95.5%","90%","97.1%","95.5%"
285,"--","--","--","--","--","--","--","--","--","--","--"
286,"--","71.4%","83.3%","80%","--","--","81.8%","--","100%","--","100%"
287,"90.9%","87.5%","77.8%","85%","100%","100%","96.2%","58.8%","80%","96.2%","100%"
288,"100%","100%","100%","100%","100%","92.3%","100%","100%","83.3%","100%","100%"
289,"87.8%","93.1%","85.4%","100%","97.6%","94.9%","74.4%","93.1%","93%","94.3%","87.7%"
290,"--","66.7%","77.8%","50%","--","90.9%","90.9%","88.9%","70%","100%","100%"
291,"72.4%","84%","81.8%","83.3%","87%","88%","80%","76%","60%","77.8%","73.9%"
292,"57.1%","71.4%","78.6%","84.6%","80%","--","--","85.7%","54.5%","66.7%","72.7%"
293,"54.5%","85.7%","88.2%","100%","--","83.3%","--","72.7%","71.4%","85.7%","70%"
294,"58.3%","80%","81.8%","61.5%","78.9%","82.4%","--","100%","44.4%","80%","87.5%"
295,"76.5%","82.6%","72.7%","87.5%","73.3%","--","90.9%","76.5%","69.2%","100%","91.7%"
296,"90%","75%","100%","90.5%","94.7%","70.8%","52.9%","96.3%","81.8%","86.4%","97.4%"
297,"--","--","--","--","--","--","--","87.5%","--","--","--"
298,"66.7%","83.3%","92.3%","80%","92.9%","93.3%","83.3%","69.2%","83.3%","100%","84.6%"
299,"75%","88.9%","86.1%","83.3%","94.7%","71.1%","79.2%","87%","92.3%","82.8%","96.9%"
300,"--","83.3%","83.3%","92.3%","--","--","--","--","90%","--","--"
301,"83.9%","95.8%","89.7%","100%","85.2%","77.8%","96.2%","93.5%","85.7%","100%","96%"
302,"86.4%","85.3%","97%","94.6%","100%","95.8%","77.8%","89.2%","88.9%","82.4%","86.8%"
303,"62.5%","81.8%","94.4%","100%","100%","86.4%","93.3%","85.7%","92.3%","100%","92.3%"
304,"72.7%","--","90.9%","77.8%","70%","--","--","62.5%","62.5%","76.9%","100%"
305,"--","85.7%","100%","100%","100%","--","--","94.4%","85.7%","85.7%","70%"
306,"--","20%","77.8%","80%","--","--","--","66.7%","50%","75%","92.3%"
307,"85.1%","78.6%","88.4%","97%","94.5%","91.2%","94.6%","82.9%","84.8%","90.2%","95%"
308,"85.7%","95%","100%","100%","100%","92.9%","94.1%","95%","93.8%","96%","100%"
309,"94.1%","100%","100%","96.7%","94.7%","96.2%","91.3%","92%","100%","100%","100%"
310,"95.5%","97.8%","100%","95.5%","100%","91.1%","93.2%","94.6%","91.4%","98%","93%"
311,"90%","60%","85.7%","83.3%","84.6%","--","--","88.9%","82.4%","50%","100%"
312,"62.1%","50%","68.4%","93.3%","73.1%","78.6%","--","78.9%","77.8%","62.5%","100%"
313,"92.3%","91.7%","83.3%","90%","100%","85.2%","95.8%","77.8%","89.3%","92.3%","70.8%"
314,"60%","66.7%","69.6%","76.9%","94.1%","--","81.8%","88.2%","59.3%","83.3%","65.2%"
315,"--","--","--","--","--","--","--","--","--","--","--"
316,"70%","70.5%","75%","84.9%","84.2%","84.8%","89.3%","64.4%","83.3%","89.7%","86.8%"
317,"50%","63.6%","100%","--","--","--","--","71.4%","88.9%","88.9%","100%"
318,"100%","100%","85.7%","66.7%","--","--","--","83.3%","100%","100%","100%"
319,"66%","77.8%","89.7%","86.4%","82.9%","84.8%","81.8%","84.6%","81.4%","84.2%","90.6%"
320,"90%","100%","100%","--","--","100%","95.7%","100%","87.5%","100%","100%"
321,"61.1%","68.8%","80.8%","70%","87.5%","--","--","86.4%","42.9%","80%","90%"
322,"68.8%","57.1%","87.5%","60%","88.2%","--","--","85.7%","71.4%","87.5%","86.7%"
323,"64%","74.4%","90.7%","85.4%","91.1%","81.8%","85.7%","83.3%","71.4%","84.4%","88.9%"
324,"68.8%","100%","90%","90%","85.7%","--","--","100%","100%","75%","92.9%"
325,"79.3%","87.5%","88.9%","88.6%","87.1%","85.7%","70.4%","83.8%","96%","92.9%","86.7%"
326,"31.3%","70.6%","58.3%","--","--","--","--","80%","83.3%","85.7%","40%"
327,"60.6%","60%","75%","68.8%","73.7%","83.3%","93.8%","75%","82.6%","75%","87.5%"
328,"91.7%","100%","88.9%","90.9%","--","83.3%","--","66.7%","84.2%","90%","76.9%"
329,"88.5%","91.3%","84.2%","100%","96.4%","88.9%","87.5%","100%","95.7%","86.7%","88.9%"
330,"91.3%","84.2%","68.8%","96.7%","93.1%","96.3%","83.3%","79.3%","92%","85.7%","84.2%"
331,"69.2%","77.8%","--","--","76.9%","--","--","88.9%","91.7%","91.7%","76.9%"
332,"88.2%","88.2%","95.5%","86.4%","88.9%","95.2%","85%","87%","75%","90%","86.4%"
333,"82.9%","92.5%","84.1%","81.6%","75.5%","82.6%","87.5%","81.1%","73.8%","87.1%","78.1%"
334,"--","--","--","--","--","--","--","--","--","--","--"
335,"90%","97.7%","97.3%","100%","97.9%","88.9%","90.7%","95.7%","89.4%","94.9%","100%"
336,"84.6%","96.3%","92.7%","98%","98.1%","76.9%","79.6%","96.4%","94.1%","91.2%","87.5%"
337,"89.5%","93.3%","89.5%","100%","100%","80%","--","81.8%","81.8%","76.9%","100%"
338,"33.3%","57.1%","83.3%","75%","--","--","--","--","--","--","--"
339,"--","--","--","--","--","--","--","--","--","--","--"
343,"--","--","--","60%","--","--","--","75%","--","--","--"
344,"44.4%","50%","83.3%","60%","--","--","--","88.9%","--","--","100%"
345,"85.7%","71.4%","70%","85.7%","--","64.3%","88.9%","--","66.7%","--","76.5%"
346,"63.6%","81.8%","85.2%","73.7%","86.2%","100%","87.5%","81%","76.2%","84.2%","95.5%"
347,"83.3%","100%","--","71.4%","--","--","--","--","--","80%","100%"
348,"96.9%","59.1%","91.4%","82.8%","83.3%","87.5%","95.7%","87.5%","93.1%","86.4%","83.3%"
349,"80%","94.7%","100%","92.9%","90.9%","--","--","100%","100%","92.6%","93.8%"
350,"100%","100%","100%","93.3%","--","92.9%","90.9%","100%","100%","100%","93.3%"
351,"92.3%","82.4%","87.5%","100%","100%","92.9%","92.3%","100%","75%","91.7%","92.9%"
352,"94.4%","96.2%","100%","100%","100%","96.9%","88.5%","97.5%","90.7%","97%","91.7%"
353,"100%","100%","100%","100%","100%","100%","95.7%","89.3%","93.8%","93.5%","94.9%"
354,"85.7%","100%","75%","85.7%","--","--","--","88.9%","100%","100%","100%"
355,"--","80%","--","81.8%","--","--","91.7%","100%","100%","96%","100%"
356,"96.5%","96.7%","94.9%","97.6%","98.4%","97.1%","98.8%","94.4%","98.6%","100%","100%"
357,"81.8%","88.2%","90.5%","85.7%","87.5%","88.9%","92.9%","87.5%","84.6%","83.3%","100%"
358,"100%","88%","92.9%","100%","92.3%","100%","96%","93.2%","92.5%","100%","100%"
359,"100%","87.5%","92.3%","95.8%","--","86.2%","78.6%","100%","100%","88.9%","93.3%"
360,"77%","90.6%","90.9%","87.3%","97.9%","81%","95.1%","95.4%","87.5%","94.1%","97%"
361,"66.7%","84.6%","84.6%","60%","83.3%","--","--","83.3%","28.6%","70%","91.7%"
362,"78.1%","66.7%","67.4%","86.8%","82.5%","96%","91.3%","90.3%","88.5%","92.6%","88.5%"
363,"54.5%","57.1%","58.6%","92.3%","73.9%","87.5%","85%","83.3%","74.1%","86.7%","90%"
364,"100%","100%","100%","100%","100%","100%","100%","100%","93.8%","100%","100%"
365,"20%","28.6%","75%","85.7%","--","--","--","100%","80%","--","87.5%"
366,"50%","100%","87.5%","100%","--","--","--","40%","--","--","80%"
367,"92.3%","92.9%","100%","85.2%","92.3%","90.9%","90%","92%","100%","96%","90.5%"
368,"84.2%","86.1%","89.2%","94.3%","90.3%","94.4%","85.7%","95.2%","90%","96.9%","91.7%"
369,"37.5%","81.3%","54.5%","76.9%","80%","--","100%","88.9%","87.5%","66.7%","--"
370,"53.1%","65.3%","77.8%","79.4%","82.1%","86.4%","87.5%","61.8%","52.5%","64.1%","72.5%"
371,"70.3%","71.4%","81.5%","78.6%","87%","86.8%","87%","78.9%","83.2%","82.1%","75.8%"
372,"96.2%","95.9%","96.8%","100%","98.3%","92.7%","87.9%","99.2%","98.1%","91.8%","92.6%"
373,"85.7%","100%","100%","90.9%","--","--","100%","100%","100%","85.7%","85.7%"
374,"59.1%","69%","59.4%","76.2%","70.6%","88.9%","90.9%","72.2%","63.6%","80%","95%"
375,"94.1%","100%","90.9%","100%","100%","100%","88.9%","100%","100%","100%","100%"
376,"100%","94.1%","89.2%","94.9%","88.6%","96.3%","91.2%","96.7%","86.2%","84%","86.4%"
377,"90%","94.6%","97.9%","94.2%","96.6%","79.2%","78%","95.7%","89.4%","90.8%","95.5%"
378,"100%","87.5%","100%","90%","100%","100%","100%","100%","93.8%","90.9%","94.1%"
379,"97.1%","100%","100%","100%","100%","96.2%","96.6%","100%","98.6%","100%","98.2%"
380,"94.7%","100%","98.3%","98.7%","100%","93.5%","92.3%","97.6%","100%","96.9%","97.5%"
381,"66.7%","80%","71.4%","78.6%","83.3%","100%","--","86.4%","66.7%","80%","71.4%"
382,"61.1%","72.2%","68.8%","70.6%","85.7%","75%","92.9%","60%","77.8%","93.8%","62.5%"
383,"60.6%","75%","90.6%","77.3%","82.9%","73.1%","95.8%","87.2%","81.8%","77.1%","80%"
385,"72.5%","66%","62.5%","85.7%","81.4%","89.4%","83.3%","75.7%","71.4%","73.5%","84.9%"
386,"50%","76.9%","88.9%","66.7%","--","--","--","83.3%","85.7%","83.3%","83.3%"
387,"61%","77.3%","83.9%","76.3%","82.2%","82.4%","94.6%","91.3%","81.1%","100%","82.1%"
388,"50%","80%","71.4%","100%","92.3%","--","--","--","90%","57.1%","--"
389,"67.8%","72.5%","82.7%","85.3%","77.9%","82%","76.7%","93%","81.4%","89.7%","84.1%"
390,"61.5%","83.3%","90.9%","83.3%","--","--","--","90.9%","--","100%","85.7%"
391,"81.8%","88.2%","100%","100%","93.3%","85.7%","100%","87.5%","86.7%","75%","100%"
392,"97.9%","98.1%","97.6%","96.2%","100%","94.4%","98.5%","98.5%","97.2%","97.1%","98.3%"
393,"63.2%","90%","85.7%","84.2%","94.4%","64.7%","92.9%","100%","70.4%","90.5%","95%"
394,"84.2%","83.3%","88.9%","89.5%","78.6%","88.2%","88%","92.9%","83.3%","78.3%","87.5%"
395,"95.5%","100%","100%","100%","88.9%","100%","100%","92.3%","80%","94.1%","100%"
396,"85%","89.7%","87.5%","92.3%","81.5%","74.1%","78.1%","86.7%","93.3%","92.6%","92.3%"
397,"100%","--","--","100%","--","--","--","77.8%","100%","83.3%","68.8%"
398,"--","--","100%","85.7%","--","--","--","--","80%","100%","100%"
399,"77.8%","100%","100%","100%","100%","100%","91.7%","100%","96%","87.5%","91.7%"
400,"95.8%","97.2%","100%","100%","100%","95.1%","100%","100%","93.5%","100%","100%"
401,"89.2%","92.6%","81.8%","95.2%","96.3%","92.9%","89.5%","96%","86.4%","100%","89.7%"
402,"91.7%","90.5%","95.5%","95%","90.9%","85.7%","83.3%","86.7%","94.4%","100%","100%"
403,"95.8%","100%","100%","96.8%","92%","84.2%","90.5%","96%","96.6%","96.8%","100%"
404,"77.8%","78.3%","68.4%","78.3%","92.9%","92.9%","81.3%","78.6%","86.7%","100%","84.2%"
405,"83.3%","93.9%","100%","89.7%","98.2%","95.1%","90%","96.4%","98%","98.4%","98%"
406,"84.6%","91.7%","78.9%","83.3%","100%","92.3%","88.2%","100%","93.3%","93.3%","100%"
407,"93.8%","96.2%","95%","100%","93.3%","90%","83.3%","100%","89.5%","100%","77.8%"
408,"86.2%","90%","95.5%","100%","90.9%","80%","94.4%","96%","93.5%","100%","100%"
409,"92.3%","100%","100%","92%","100%","100%","92%","100%","100%","90.5%","100%"
410,"--","66.7%","100%","80%","--","--","--","100%","85.7%","--","100%"
411,"77.8%","100%","95.8%","100%","96.4%","86.7%","88.2%","96.3%","100%","97%","95.8%"
412,"71.4%","85.7%","87.5%","100%","--","--","--","--","--","100%","100%"
413,"86.8%","100%","94.5%","100%","94.6%","96.9%","93.1%","100%","100%","100%","100%"
416,"90%","100%","88.9%","90.9%","--","--","--","90%","88.9%","66.7%","90%"
417,"84%","90.5%","85.7%","100%","87.5%","93.3%","84.6%","100%","100%","90.9%","82.4%"
418,"100%","94.7%","94.7%","96.7%","97%","97.1%","96.6%","97.1%","92.3%","91.3%","78.9%"
419,"100%","100%","100%","100%","100%","96.6%","86.2%","100%","100%","100%","100%"
420,"87.5%","90.9%","100%","100%","100%","100%","84.2%","95%","76.9%","100%","86.7%"
421,"100%","--","60%","100%","--","--","--","100%","100%","100%","100%"
422,"75%","80%","70%","81.8%","63.6%","88.5%","93.5%","91.3%","74.1%","67.7%","84.2%"
423,"76%","87.5%","95%","94.7%","93.1%","86.4%","78.6%","100%","100%","100%","100%"
424,"--","100%","--","77.8%","--","--","--","--","100%","100%","100%"
425,"100%","100%","100%","100%","100%","--","100%","100%","100%","100%","100%"
426,"87.5%","89.3%","95%","100%","96.7%","91.3%","91.3%","100%","91.3%","90.9%","96.2%"
428,"88.9%","86.7%","92.3%","96%","95.7%","87%","100%","83.3%","91.7%","100%","91.7%"
430,"76.7%","82.1%","96%","88.9%","96.2%","88.2%","80.6%","97.9%","89.3%","90.6%","87.5%"
431,"85%","95%","88%","88.5%","88%","81.3%","75%","96%","94.1%","93.8%","96%"
432,"94.9%","95.3%","94.1%","88%","96%","89.7%","79.2%","92.6%","90.5%","95.5%","95.8%"
433,"95%","100%","91.7%","100%","92.3%","100%","--","100%","100%","100%","100%"
434,"85.7%","88.9%","81.8%","95.5%","90%","85.7%","83.3%","100%","92.3%","100%","95.2%"
435,"--","--","100%","--","--","--","--","--","100%","--","100%"
436,"86.2%","85.7%","95.8%","100%","90%","77.3%","91.7%","95.2%","90.3%","94.7%","94.1%"
437,"62.5%","100%","89.5%","85.7%","84.6%","85.7%","86.7%","83.3%","88.9%","87.5%","96.7%"
438,"72.7%","87.5%","100%","95.2%","91.7%","100%","88.9%","97.1%","100%","100%","100%"
442,"76.7%","86.7%","83.3%","89.5%","96.6%","87.2%","86.7%","93.3%","91.2%","95.2%","100%"
443,"92.9%","93.8%","93.8%","100%","100%","--","91.7%","100%","100%","100%","87.5%"
444,"76.7%","84.8%","95.5%","100%","88.5%","84.2%","92.3%","92.6%","88.5%","92.6%","90%"
445,"100%","96.8%","96.6%","93.3%","100%","85%","88.2%","100%","95%","100%","90.9%"
446,"90.9%","75%","100%","94.1%","--","90.9%","84.2%","100%","86.7%","88.9%","--"
447,"88.9%","91.7%","90%","100%","100%","78.6%","78.9%","92.9%","100%","92.5%","93.1%"
448,"88.2%","88%","90.9%","96%","93.1%","94.7%","87.5%","94.3%","93.9%","96.9%","100%"
449,"100%","100%","92.9%","92.3%","93.8%","--","90.9%","100%","100%","100%","100%"
450,"90%","93.3%","95.3%","92%","96%","91.7%","87.1%","96.7%","95.8%","96.2%","96.7%"
451,"86.5%","100%","95.3%","97.9%","97.6%","94.1%","96.5%","93.2%","97.1%","96.1%","97.1%"
452,"92.9%","87.5%","--","100%","84.6%","--","--","100%","90%","100%","88.9%"
453,"85.7%","71.4%","72.2%","76.5%","76.9%","72.7%","91.7%","100%","100%","95.2%","78.6%"
454,"93.8%","100%","100%","100%","100%","93.3%","100%","100%","93.8%","93.8%","100%"
455,"92.9%","100%","96%","94.1%","100%","89.5%","82.4%","100%","87.5%","100%","100%"
456,"--","--","--","--","--","--","--","--","--","--","--"
457,"94.4%","100%","100%","100%","--","94.4%","81.8%","92.3%","100%","100%","100%"
458,"90.9%","100%","100%","92.9%","100%","--","87.5%","92.3%","100%","100%","93.8%"
459,"94.4%","87%","94.9%","97.1%","87.9%","89.7%","95.5%","96.9%","97.1%","97.1%","93.8%"
460,"92.1%","93.9%","97.5%","94.6%","95%","90%","94.6%","94.6%","90.7%","87.5%","90.9%"
462,"83.3%","92.3%","54.5%","85.7%","90%","78.6%","76.5%","88.2%","76.2%","76.9%","80%"
463,"75.9%","86.7%","96%","93.3%","87.5%","78.6%","88.9%","87.5%","93.3%","91.3%","92%"
464,"90.3%","93.5%","94.1%","95%","93.9%","100%","81.8%","96.8%","98%","96.5%","97.8%"
465,"87.5%","85.7%","100%","100%","100%","92.3%","94.4%","100%","87.5%","95.2%","92.3%"
466,"84.2%","91.7%","83.3%","90.5%","96.3%","89.5%","95.8%","92.6%","86.8%","92.6%","96.7%"
467,"93.8%","96.4%","97.1%","100%","92.9%","97.2%","84.6%","95.3%","92.3%","100%","100%"
468,"--","--","100%","--","--","--","--","--","--","--","--"
469,"94.7%","88.9%","95.5%","100%","87.5%","96.3%","94.4%","100%","100%","100%","100%"
470,"100%","94.1%","91.3%","100%","92%","88.9%","96.6%","100%","100%","94.7%","100%"
471,"92.3%","88.2%","85.7%","96.4%","100%","100%","89.5%","100%","100%","96%","95.7%"
472,"85.7%","100%","100%","--","--","100%","100%","100%","92.3%","92.9%","100%"
473,"76.9%","63.6%","70%","83.3%","100%","--","88.2%","100%","81.8%","76.9%","80%"
474,"81.3%","100%","93.3%","90.9%","91.7%","100%","93.3%","95.7%","95.8%","100%","100%"
475,"100%","100%","90.9%","100%","--","100%","93.3%","100%","95.5%","100%","100%"
476,"78.6%","73.9%","90%","93.3%","--","80%","100%","88.5%","77.8%","90.6%","90.9%"
